Ship Draw,Lerp Draw,Turret Draw,Planets Draw,Ship Update,Lerp Update,turret Update,planets update
0.00102361,2.26008e-005,0.000369831,0.000802122,2.62991e-005,1.64369e-006,3.69831e-006,4.10923e-007
0.000366544,4.10923e-006,2.83537e-005,0.000680078,3.41066e-005,1.64369e-006,3.28739e-006,0
0.000478315,3.69831e-006,2.95865e-005,0.000680489,4.15033e-005,2.05462e-006,3.69831e-006,4.10923e-007
0.000581457,4.10923e-006,2.91756e-005,0.000679256,4.8489e-005,1.23277e-006,3.28739e-006,4.10923e-007
0.000756921,3.69831e-006,3.04083e-005,0.000694871,5.71183e-005,2.05462e-006,3.69831e-006,0
0.000810341,3.69831e-006,2.87646e-005,0.000699802,6.32822e-005,1.64369e-006,3.69831e-006,0
0.000913072,3.28739e-006,2.83537e-005,0.000701446,7.06788e-005,2.05462e-006,3.28739e-006,4.10923e-007
0.00101169,3.28739e-006,2.83537e-005,0.000701035,7.80754e-005,1.64369e-006,3.69831e-006,0
0.00112305,3.28739e-006,2.95865e-005,0.000700624,8.5472e-005,1.64369e-006,3.28739e-006,4.10923e-007
0.00122784,3.69831e-006,2.87646e-005,0.000700213,9.24577e-005,1.64369e-006,3.28739e-006,0
0.0013466,3.28739e-006,2.79428e-005,0.000699392,9.94434e-005,2.05462e-006,3.69831e-006,4.10923e-007
0.00144809,3.69831e-006,2.95865e-005,0.000699392,0.000107251,2.87646e-006,3.69831e-006,0
0.00156521,3.69831e-006,2.95865e-005,0.000734731,0.000114648,2.05462e-006,3.69831e-006,0
0.00168068,3.69831e-006,2.91756e-005,0.000700213,0.000121222,2.05462e-006,3.69831e-006,4.10923e-007
0.00178793,3.69831e-006,2.99974e-005,0.000696926,0.000128208,2.05462e-006,3.69831e-006,4.10923e-007
0.00189395,3.69831e-006,2.99974e-005,0.000701857,0.000135605,2.05462e-006,3.69831e-006,4.10923e-007
0.00199051,3.69831e-006,2.95865e-005,0.000695282,0.000141769,1.64369e-006,3.69831e-006,4.10923e-007
0.00210393,3.69831e-006,2.91756e-005,0.000691995,0.000149987,1.64369e-006,4.10923e-006,0
0.00220378,3.69831e-006,2.91756e-005,0.000691173,0.000156562,2.05462e-006,3.69831e-006,0
0.00231637,3.69831e-006,2.91756e-005,0.000683366,0.000163958,1.64369e-006,3.28739e-006,4.10923e-007
0.00241869,3.69831e-006,2.87646e-005,0.000684187,0.000171766,2.05462e-006,3.69831e-006,4.10923e-007
0.00251649,3.69831e-006,2.83537e-005,0.000683776,0.00017793,2.05462e-006,3.69831e-006,0
0.0026184,3.69831e-006,2.95865e-005,0.000681311,0.00018697,1.64369e-006,3.28739e-006,4.10923e-007
0.00273593,3.69831e-006,2.87646e-005,0.000682955,0.00019149,1.23277e-006,3.28739e-006,4.10923e-007
0.00282921,3.69831e-006,2.87646e-005,0.000683366,0.000199709,1.64369e-006,3.28739e-006,4.10923e-007
0.00294714,3.69831e-006,2.79428e-005,0.000682133,0.000160671,1.64369e-006,3.69831e-006,4.10923e-007
0.00295536,3.69831e-006,2.87646e-005,0.000681722,0.000154096,1.64369e-006,3.69831e-006,4.10923e-007
0.00298823,4.10923e-006,2.83537e-005,0.000682955,0.000153685,1.64369e-006,3.69831e-006,4.10923e-007
0.0029796,3.69831e-006,2.87646e-005,0.000683776,0.000155329,2.05462e-006,3.69831e-006,0
0.0029644,3.69831e-006,2.87646e-005,0.000682544,0.000154096,1.64369e-006,3.69831e-006,0
0.00336752,3.69831e-006,2.95865e-005,0.000685831,0.000154096,1.64369e-006,3.28739e-006,4.10923e-007
0.00298823,3.28739e-006,2.87646e-005,0.000694871,0.00016478,2.87646e-006,5.342e-006,4.10923e-007
0.00296728,4.10923e-006,2.99974e-005,0.000682955,0.000154507,1.64369e-006,3.69831e-006,4.10923e-007
0.00300632,3.69831e-006,2.87646e-005,0.000687886,0.000153685,1.23277e-006,3.28739e-006,4.10923e-007
0.00328903,3.69831e-006,2.87646e-005,0.000686653,0.000153685,1.23277e-006,3.28739e-006,4.10923e-007
0.00327095,3.69831e-006,3.41066e-005,0.000701035,0.000154096,1.64369e-006,3.69831e-006,4.10923e-007
0.0029644,4.10923e-006,2.99974e-005,0.000683776,0.000154507,2.05462e-006,3.69831e-006,4.10923e-007
0.0029418,4.10923e-006,2.83537e-005,0.000682955,0.000154507,1.64369e-006,3.69831e-006,0
0.0029529,3.28739e-006,2.91756e-005,0.000689118,0.000155329,2.05462e-006,3.69831e-006,0
0.00463974,5.342e-006,4.64343e-005,0.00130057,0.00015574,2.46554e-006,4.10923e-006,4.10923e-007
0.00317397,3.69831e-006,2.87646e-005,0.000682544,0.000153685,2.05462e-006,3.69831e-006,0
0.00296399,3.69831e-006,2.87646e-005,0.000682133,0.000154918,2.05462e-006,3.28739e-006,4.10923e-007
0.0029833,4.10923e-006,2.95865e-005,0.000688708,0.000154507,1.64369e-006,3.28739e-006,4.10923e-007
0.00298248,4.10923e-006,2.95865e-005,0.000685009,0.000154096,2.05462e-006,3.69831e-006,4.10923e-007
0.00298166,3.69831e-006,2.91756e-005,0.000685831,0.000154096,1.64369e-006,3.69831e-006,0
0.00295742,4.10923e-006,2.91756e-005,0.000683366,0.000192723,1.64369e-006,3.69831e-006,4.10923e-007
0.00295659,3.69831e-006,2.87646e-005,0.000689118,0.000154507,1.64369e-006,3.69831e-006,0
0.00296194,3.69831e-006,2.91756e-005,0.000683366,0.000154507,1.64369e-006,3.69831e-006,4.10923e-007
0.002957,3.69831e-006,2.91756e-005,0.000683366,0.000154096,1.64369e-006,3.28739e-006,4.10923e-007
0.00296235,3.69831e-006,2.91756e-005,0.000683366,0.000154507,1.64369e-006,3.28739e-006,4.10923e-007
0.00504121,5.75293e-006,4.68453e-005,0.0012077,0.000154507,1.64369e-006,3.69831e-006,4.10923e-007
0.00297344,3.69831e-006,2.91756e-005,0.000684187,0.000154507,2.05462e-006,3.28739e-006,4.10923e-007
0.0029644,4.10923e-006,2.83537e-005,0.000684598,0.000153274,1.64369e-006,3.69831e-006,0
0.00295988,3.69831e-006,3.04083e-005,0.000683366,0.000156151,2.05462e-006,3.69831e-006,0
0.00298084,4.10923e-006,2.87646e-005,0.000683366,0.000155329,1.64369e-006,3.28739e-006,4.10923e-007
0.00296851,3.69831e-006,2.83537e-005,0.000682955,0.00015574,1.64369e-006,3.28739e-006,0
0.00294139,3.69831e-006,2.83537e-005,0.000693639,0.000155329,1.64369e-006,3.28739e-006,4.10923e-007
0.00294879,3.69831e-006,2.91756e-005,0.000686653,0.000147521,1.23277e-006,3.28739e-006,0
0.00281811,3.69831e-006,2.671e-005,0.000663641,0.000156973,1.64369e-006,3.28739e-006,4.10923e-007
0.00302275,3.69831e-006,2.87646e-005,0.000684598,0.000239568,2.05462e-006,4.52016e-006,0
0.00295372,4.10923e-006,2.83537e-005,0.000684187,0.000157384,1.64369e-006,3.28739e-006,4.10923e-007
0.00313329,3.69831e-006,3.08193e-005,0.000692406,0.00016026,1.64369e-006,3.69831e-006,4.10923e-007
0.00299933,3.69831e-006,2.91756e-005,0.000688297,0.000160671,1.64369e-006,3.69831e-006,4.10923e-007
0.0029529,3.69831e-006,2.87646e-005,0.000685831,0.00016026,1.64369e-006,3.69831e-006,0
0.00342463,3.69831e-006,2.95865e-005,0.000683776,0.000158616,1.64369e-006,3.28739e-006,4.10923e-007
0.00295536,4.10923e-006,2.87646e-005,0.000685009,0.000161493,2.05462e-006,3.69831e-006,4.10923e-007
0.00298002,3.69831e-006,2.91756e-005,0.000686653,0.000160671,2.05462e-006,3.69831e-006,0
0.00294714,3.69831e-006,2.79428e-005,0.000685009,0.00016026,1.64369e-006,3.69831e-006,0
0.00296646,4.10923e-006,2.95865e-005,0.000687064,0.000160671,1.64369e-006,3.69831e-006,4.10923e-007
0.00296358,3.69831e-006,3.28739e-005,0.000684598,0.000161082,2.05462e-006,3.69831e-006,0
0.00296481,3.69831e-006,2.87646e-005,0.00068542,0.000159849,1.64369e-006,3.69831e-006,0
0.00295248,3.69831e-006,2.95865e-005,0.000685009,0.000251896,1.64369e-006,3.28739e-006,0
0.0028966,3.69831e-006,2.83537e-005,0.000685009,0.000348052,1.23277e-006,3.28739e-006,4.10923e-007
0.00289208,3.69831e-006,2.83537e-005,0.00068542,0.000351339,1.64369e-006,3.69831e-006,0
0.00289742,3.69831e-006,2.79428e-005,0.000684187,0.000349696,1.23277e-006,3.69831e-006,0
0.00315877,4.93108e-006,2.95865e-005,0.000687886,0.00035175,1.64369e-006,3.28739e-006,4.10923e-007
0.00283537,3.69831e-006,2.83537e-005,0.000686653,0.000351339,1.23277e-006,3.28739e-006,4.10923e-007
0.00278113,3.28739e-006,2.62991e-005,0.000646793,0.000356271,1.64369e-006,3.28739e-006,0
0.00283455,3.69831e-006,2.75319e-005,0.000672681,0.000457769,1.64369e-006,3.69831e-006,4.10923e-007
0.00285962,3.69831e-006,2.91756e-005,0.000687475,0.000359147,1.64369e-006,3.69831e-006,0
0.00483246,5.75293e-006,4.31469e-005,0.00115387,0.000461467,1.64369e-006,3.28739e-006,4.10923e-007
0.00281195,4.10923e-006,2.83537e-005,0.000687475,0.00025806,2.05462e-006,3.28739e-006,4.10923e-007
0.00286003,3.69831e-006,2.91756e-005,0.000695282,0.000263402,2.05462e-006,3.28739e-006,4.10923e-007
0.0029718,4.10923e-006,2.83537e-005,0.000685831,0.000160671,1.23277e-006,3.69831e-006,4.10923e-007
0.0029607,4.10923e-006,2.83537e-005,0.000686242,0.000156973,2.05462e-006,3.28739e-006,0
0.00295659,3.69831e-006,3.61613e-005,0.000643506,0.000264224,1.64369e-006,3.28739e-006,0
0.00294879,4.10923e-006,2.83537e-005,0.000686653,0.000161493,1.64369e-006,3.28739e-006,0
0.00450988,3.69831e-006,2.91756e-005,0.000692817,0.000154507,1.64369e-006,3.69831e-006,4.10923e-007
0.00297303,3.69831e-006,2.87646e-005,0.000689529,0.000156973,1.64369e-006,3.69831e-006,0
0.00280003,3.69831e-006,2.87646e-005,0.00068994,0.000272031,1.23277e-006,3.28739e-006,4.10923e-007
0.00281893,3.69831e-006,2.87646e-005,0.000691995,0.000385446,1.23277e-006,3.28739e-006,0
0.00282345,3.69831e-006,2.75319e-005,0.000691995,0.000359147,1.23277e-006,2.87646e-006,4.10923e-007
0.00277743,3.28739e-006,2.62991e-005,0.000670627,0.000271209,1.23277e-006,2.87646e-006,4.10923e-007
0.00279921,3.69831e-006,2.62991e-005,0.000650903,0.000272442,1.23277e-006,3.28739e-006,4.10923e-007
0.00292947,3.69831e-006,2.83537e-005,0.000691173,0.00015574,1.23277e-006,3.28739e-006,0
0.00291961,3.69831e-006,2.58882e-005,0.000669805,0.000148754,1.23277e-006,2.87646e-006,4.10923e-007
0.00277907,3.69831e-006,2.671e-005,0.000652957,0.000277784,1.23277e-006,2.87646e-006,4.10923e-007
0.00285304,3.69831e-006,2.62991e-005,0.000670216,0.000269977,1.23277e-006,3.28739e-006,4.10923e-007
0.00290728,3.69831e-006,2.671e-005,0.000664874,0.000147111,1.23277e-006,3.28739e-006,4.10923e-007
0.0028777,3.28739e-006,2.671e-005,0.000670216,0.000262991,1.23277e-006,2.87646e-006,4.10923e-007
0.00285468,3.28739e-006,2.62991e-005,0.000651724,0.000154918,1.64369e-006,3.69831e-006,0
0.0028966,3.69831e-006,2.83537e-005,0.000668161,0.000280661,1.64369e-006,3.7394e-005,0
0.00294837,3.69831e-006,3.2052e-005,0.000692406,0.000411334,1.23277e-006,3.28739e-006,0
0.00284852,4.10923e-006,3.2052e-005,0.000692406,0.00028025,1.23277e-006,3.28739e-006,4.10923e-007
0.00294262,3.69831e-006,3.28739e-005,0.000705144,0.000155329,1.23277e-006,3.28739e-006,4.10923e-007
0.00287318,3.69831e-006,3.16411e-005,0.000692406,0.000286003,1.23277e-006,3.28739e-006,0
0.00288674,3.69831e-006,3.04083e-005,0.000652135,0.000161904,1.23277e-006,3.28739e-006,4.10923e-007
0.00301001,3.69831e-006,3.16411e-005,0.00072117,0.000288057,1.64369e-006,3.69831e-006,0
0.00293481,3.69831e-006,3.57503e-005,0.000692817,0.000288879,1.64369e-006,2.87646e-006,4.10923e-007
0.0029529,3.69831e-006,3.61613e-005,0.000690762,0.000300385,1.64369e-006,2.87646e-006,4.10923e-007
0.0029266,3.69831e-006,3.61613e-005,0.000692406,0.000155329,1.23277e-006,3.28739e-006,4.10923e-007
0.00275894,1.19168e-005,4.88999e-005,0.00064967,0.000156151,1.64369e-006,3.28739e-006,4.10923e-007
0.00294057,3.69831e-006,3.32848e-005,0.000684187,0.000291756,1.64369e-006,3.28739e-006,0
0.00282715,3.28739e-006,3.36957e-005,0.000687886,0.0001467,1.23277e-006,3.28739e-006,4.10923e-007
0.00285181,3.69831e-006,3.98596e-005,0.000715417,0.000297098,1.64369e-006,3.69831e-006,4.10923e-007
0.00297098,3.69831e-006,3.86268e-005,0.000680489,0.000290523,1.64369e-006,3.28739e-006,0
0.00299563,3.69831e-006,4.02705e-005,0.000692817,0.000299152,1.23277e-006,2.87646e-006,4.10923e-007
0.00291838,3.28739e-006,3.69831e-005,0.000653779,0.000159849,1.64369e-006,3.28739e-006,0
0.00277045,3.28739e-006,3.7394e-005,0.000708021,0.000298741,1.64369e-006,3.28739e-006,4.10923e-007
0.00284975,3.28739e-006,3.94486e-005,0.000651313,0.00015574,1.64369e-006,3.69831e-006,4.10923e-007
0.00296728,4.10923e-006,4.56125e-005,0.000698159,0.000156151,1.64369e-006,3.69831e-006,0
0.00295947,3.69831e-006,4.56125e-005,0.000692817,0.00015574,1.64369e-006,3.69831e-006,4.10923e-007
0.0029529,3.69831e-006,4.47906e-005,0.000692817,0.000156562,1.64369e-006,3.28739e-006,0
0.00295248,3.69831e-006,4.47906e-005,0.000691995,0.000147111,1.64369e-006,3.28739e-006,4.10923e-007
0.00295454,3.69831e-006,4.52016e-005,0.000691584,0.00015574,1.64369e-006,3.69831e-006,0
0.00294796,3.69831e-006,4.88999e-005,0.000691173,0.000304494,1.64369e-006,3.69831e-006,4.10923e-007
0.0029492,3.69831e-006,4.93108e-005,0.000691995,0.000309836,1.64369e-006,3.28739e-006,0
0.00295002,3.69831e-006,4.8489e-005,0.000691995,0.000162315,1.64369e-006,3.28739e-006,0
0.00301042,3.28739e-006,4.60234e-005,0.000707199,0.000464343,1.64369e-006,4.10923e-006,0
0.00294796,3.69831e-006,5.01326e-005,0.000690762,0.000311891,1.64369e-006,3.69831e-006,0
0.00290071,3.69831e-006,4.8489e-005,0.000691995,0.000468042,1.23277e-006,3.69831e-006,4.10923e-007
0.0029492,3.69831e-006,5.30091e-005,0.000692817,0.000313945,1.64369e-006,3.69831e-006,4.10923e-007
0.00288674,3.69831e-006,5.25982e-005,0.000691995,0.00047174,1.64369e-006,3.69831e-006,4.10923e-007
0.00282387,3.69831e-006,4.93108e-005,0.000670216,0.000317644,1.64369e-006,3.69831e-006,4.10923e-007
0.00294509,3.69831e-006,5.71183e-005,0.000694871,0.000158205,1.64369e-006,3.28739e-006,0
0.00280373,3.28739e-006,5.30091e-005,0.000678845,0.000475849,1.64369e-006,3.28739e-006,4.10923e-007
0.00294098,3.69831e-006,5.67074e-005,0.000693639,0.000147932,1.64369e-006,3.28739e-006,0
0.00290646,3.69831e-006,5.62965e-005,0.00069405,0.000147932,1.23277e-006,3.28739e-006,0
0.00290441,3.69831e-006,5.62965e-005,0.000693639,0.000454892,1.23277e-006,3.28739e-006,0
0.00290523,3.69831e-006,5.99948e-005,0.000695282,0.000322164,1.64369e-006,3.28739e-006,4.10923e-007
0.00291221,3.69831e-006,6.12276e-005,0.00069446,0.000485711,1.23277e-006,3.69831e-006,0
0.00295084,3.69831e-006,6.65696e-005,0.00069446,0.000166013,1.23277e-006,2.87646e-006,4.10923e-007
0.00274579,1.19168e-005,5.67074e-005,0.00065419,0.000323808,1.23277e-006,3.28739e-006,4.10923e-007
0.00296563,3.69831e-006,6.04057e-005,0.000692406,0.000463522,1.23277e-006,3.28739e-006,4.10923e-007
0.00292454,3.69831e-006,6.12276e-005,0.000693228,0.000328328,1.64369e-006,3.28739e-006,4.10923e-007
0.00290441,3.28739e-006,5.58856e-005,0.000648026,0.000325451,1.64369e-006,2.87646e-006,4.10923e-007
0.00285222,3.69831e-006,5.99948e-005,0.000692406,0.000330793,1.23277e-006,2.87646e-006,4.10923e-007
0.00294632,3.69831e-006,6.04057e-005,0.00072076,0.000579813,1.23277e-006,3.28739e-006,0
0.00282839,3.69831e-006,5.3831e-005,0.000696926,0.00032915,1.64369e-006,3.28739e-006,0
0.00290687,3.69831e-006,6.08167e-005,0.000691173,0.000634466,1.23277e-006,3.28739e-006,4.10923e-007
0.00289906,3.69831e-006,6.08167e-005,0.000712952,0.000313124,1.64369e-006,3.28739e-006,0
0.0029644,3.28739e-006,5.62965e-005,0.000731854,0.000143001,1.64369e-006,2.87646e-006,0
0.00282633,3.28739e-006,5.71183e-005,0.000651724,0.000484479,1.64369e-006,3.28739e-006,0
0.00289619,3.69831e-006,6.65696e-005,0.000652135,0.000517352,1.64369e-006,3.69831e-006,0
0.0027762,3.28739e-006,5.50637e-005,0.000737196,0.000468453,1.64369e-006,2.87646e-006,4.10923e-007
0.00273716,3.69831e-006,6.69805e-005,0.000660354,0.000513654,1.64369e-006,3.28739e-006,4.10923e-007
0.00280085,3.28739e-006,5.67074e-005,0.000652135,0.000334903,1.23277e-006,3.28739e-006,0
0.00293481,3.28739e-006,5.75293e-005,0.000650492,0.000340245,1.64369e-006,3.28739e-006,0
0.00295618,3.69831e-006,5.75293e-005,0.000668983,0.000147521,1.64369e-006,2.87646e-006,0
0.00292947,3.69831e-006,6.4104e-005,0.000691995,0.000343943,1.64369e-006,3.28739e-006,4.10923e-007
0.00287523,3.69831e-006,6.12276e-005,0.000672681,0.000159438,1.64369e-006,3.28739e-006,0
0.00297508,3.69831e-006,6.08167e-005,0.000668572,0.000159849,1.23277e-006,3.69831e-006,0
0.00285633,3.69831e-006,5.79402e-005,0.000689529,0.000161904,1.64369e-006,3.28739e-006,4.10923e-007
0.00295248,3.28739e-006,5.75293e-005,0.000671038,0.000161493,2.05462e-006,3.28739e-006,0
0.00282715,3.28739e-006,6.08167e-005,0.000653779,0.000149165,1.23277e-006,2.87646e-006,4.10923e-007
0.00288509,3.69831e-006,7.23225e-005,0.000661997,0.000343121,1.23277e-006,3.28739e-006,0
0.00286208,3.69831e-006,6.08167e-005,0.000671449,0.000356271,1.64369e-006,3.28739e-006,0
0.00272237,3.28739e-006,5.42419e-005,0.000724458,0.00072528,1.64369e-006,3.69831e-006,0
0.00278195,3.69831e-006,5.67074e-005,0.000692406,0.000326273,1.23277e-006,3.69831e-006,4.10923e-007
0.00278894,3.28739e-006,5.71183e-005,0.000652546,0.00033819,1.64369e-006,3.28739e-006,4.10923e-007
0.00282099,3.69831e-006,5.71183e-005,0.00067186,0.000561321,1.64369e-006,3.28739e-006,0
0.00292331,3.69831e-006,5.99948e-005,0.00069446,0.000345587,1.23277e-006,3.28739e-006,0
0.00295618,3.28739e-006,5.75293e-005,0.000673503,0.000152453,1.64369e-006,3.28739e-006,0
0.00287605,3.69831e-006,6.08167e-005,0.000671449,0.000167657,1.23277e-006,3.28739e-006,0
0.00296152,4.10923e-006,6.4515e-005,0.000693228,0.000167246,1.23277e-006,3.28739e-006,4.10923e-007
0.00297385,3.69831e-006,6.4104e-005,0.000693228,0.000368187,1.64369e-006,3.28739e-006,4.10923e-007
0.00299317,4.10923e-006,7.97191e-005,0.000696515,0.000371064,1.64369e-006,3.28739e-006,4.10923e-007
0.00293933,3.69831e-006,6.04057e-005,0.000694871,0.000527215,1.64369e-006,3.69831e-006,0
0.00283126,3.28739e-006,6.12276e-005,0.000652546,0.000147521,1.23277e-006,2.87646e-006,4.10923e-007
0.00275236,3.69831e-006,5.58856e-005,0.000652546,0.000550226,1.23277e-006,3.28739e-006,0
0.00294755,3.69831e-006,6.04057e-005,0.000693639,0.000147521,1.23277e-006,3.28739e-006,0
0.0029381,3.69831e-006,5.75293e-005,0.000675558,0.000386268,1.23277e-006,3.28739e-006,4.10923e-007
0.00287318,3.28739e-006,5.75293e-005,0.000670216,0.000572416,1.64369e-006,3.69831e-006,0
0.00295166,3.69831e-006,6.12276e-005,0.000691584,0.000157384,1.23277e-006,3.28739e-006,4.10923e-007
0.00284934,3.28739e-006,5.3831e-005,0.000688297,0.000156151,1.64369e-006,2.87646e-006,4.10923e-007
0.00287852,3.69831e-006,5.67074e-005,0.000693228,0.000374351,1.64369e-006,3.28739e-006,0
0.00277661,3.28739e-006,5.342e-005,0.000669394,0.00036942,1.64369e-006,3.28739e-006,4.10923e-007
0.00285551,1.15059e-005,5.3831e-005,0.000651724,0.000357092,1.64369e-006,3.28739e-006,4.10923e-007
0.00279551,3.69831e-006,6.4104e-005,0.000670216,0.000581867,1.64369e-006,3.28739e-006,4.10923e-007
0.00277003,3.28739e-006,5.30091e-005,0.000677202,0.000586799,1.64369e-006,3.28739e-006,4.10923e-007
0.00292249,3.69831e-006,5.3831e-005,0.000670627,0.000373529,1.23277e-006,3.28739e-006,4.10923e-007
0.00286126,3.69831e-006,5.67074e-005,0.000705555,0.000378049,2.05462e-006,3.69831e-006,0
0.00291673,4.10923e-006,5.99948e-005,0.000691995,0.000380515,1.64369e-006,3.28739e-006,4.10923e-007
0.00292084,3.69831e-006,6.69805e-005,0.000692406,0.000359147,1.23277e-006,3.28739e-006,0
0.00286742,3.69831e-006,5.75293e-005,0.000670627,0.000150398,1.23277e-006,2.87646e-006,4.10923e-007
0.00288674,3.69831e-006,6.08167e-005,0.000690351,0.000586388,1.23277e-006,3.28739e-006,4.10923e-007
0.00287687,3.69831e-006,6.53368e-005,0.000693228,0.000782809,1.23277e-006,3.28739e-006,4.10923e-007
0.00275524,3.28739e-006,6.12276e-005,0.000671038,0.000369831,1.23277e-006,3.28739e-006,0
0.00278154,3.69831e-006,6.49259e-005,0.000692817,0.000631589,1.64369e-006,3.28739e-006,0
0.00274949,3.69831e-006,5.62965e-005,0.000693639,0.000584744,1.23277e-006,3.28739e-006,4.10923e-007
0.00237349,4.10923e-006,6.16385e-005,0.000692817,0.00035175,2.05462e-006,3.28739e-006,4.10923e-007
0.00246266,3.69831e-006,5.71183e-005,0.000689529,0.000549404,1.64369e-006,3.28739e-006,0
0.00228514,3.28739e-006,5.3831e-005,0.000676791,0.000389144,1.23277e-006,2.87646e-006,4.10923e-007
0.00247417,3.28739e-006,5.30091e-005,0.000697748,0.000557212,1.23277e-006,2.87646e-006,4.10923e-007
0.00246266,3.69831e-006,4.60234e-005,0.000651724,0.000594195,1.23277e-006,3.28739e-006,4.10923e-007
0.00264676,3.69831e-006,4.60234e-005,0.000651724,0.000368187,1.64369e-006,3.28739e-006,4.10923e-007
0.00263648,3.28739e-006,4.60234e-005,0.000670216,0.000593784,1.64369e-006,3.28739e-006,4.10923e-007
0.00274702,3.28739e-006,4.60234e-005,0.00067638,0.000576936,1.64369e-006,3.69831e-006,0
0.0026258,3.28739e-006,4.8489e-005,0.000650492,0.000383391,1.23277e-006,3.28739e-006,4.10923e-007
0.00284523,3.69831e-006,5.01326e-005,0.000673914,0.000374351,1.23277e-006,3.28739e-006,0
0.0030207,3.69831e-006,5.21873e-005,0.000691584,0.000156151,1.23277e-006,3.28739e-006,0
0.00274661,3.28739e-006,5.09545e-005,0.000670216,0.000633233,1.23277e-006,3.28739e-006,4.10923e-007
0.00274332,3.69831e-006,5.3831e-005,0.000668983,0.000399828,1.64369e-006,3.28739e-006,4.10923e-007
0.00283866,3.69831e-006,5.3831e-005,0.000698159,0.000593784,1.23277e-006,3.28739e-006,4.10923e-007
0.00284236,3.28739e-006,5.3831e-005,0.000671449,0.000161904,1.64369e-006,3.69831e-006,0
0.00282921,3.69831e-006,5.42419e-005,0.000668572,0.000148754,1.64369e-006,3.28739e-006,4.10923e-007
0.00286619,3.28739e-006,5.79402e-005,0.000691995,0.000148754,1.64369e-006,3.28739e-006,4.10923e-007
0.00298371,3.28739e-006,5.79402e-005,0.000726923,0.000404759,1.64369e-006,3.69831e-006,0
0.00296317,3.69831e-006,5.67074e-005,0.000696926,0.000640219,1.64369e-006,3.28739e-006,4.10923e-007
0.00274168,3.69831e-006,5.21873e-005,0.000632411,0.000399007,1.64369e-006,3.28739e-006,4.10923e-007
0.00282017,3.28739e-006,7.60208e-005,0.00065419,0.000147932,1.64369e-006,3.28739e-006,0
0.00287646,3.69831e-006,5.67074e-005,0.000655423,0.000159849,1.64369e-006,3.28739e-006,4.10923e-007
0.00295495,3.69831e-006,5.95839e-005,0.000694871,0.000157384,1.64369e-006,3.28739e-006,0
0.00444824,4.10923e-006,7.76645e-005,0.000742949,0.000158205,1.64369e-006,4.10923e-006,0
0.00283496,3.69831e-006,6.20494e-005,0.000733087,0.000406403,1.23277e-006,3.69831e-006,0
0.00295166,3.69831e-006,6.20494e-005,0.000697337,0.000150809,1.64369e-006,2.87646e-006,4.10923e-007
0.00283907,3.28739e-006,5.71183e-005,0.000673914,0.000652135,1.64369e-006,3.69831e-006,4.10923e-007
0.00283044,3.69831e-006,5.71183e-005,0.00069405,0.000865815,1.23277e-006,3.69831e-006,0
0.00280578,3.69831e-006,5.71183e-005,0.000691173,0.000405581,1.23277e-006,3.28739e-006,0
0.00289537,3.69831e-006,6.08167e-005,0.000691995,0.000156973,1.23277e-006,3.28739e-006,4.10923e-007
0.0028251,3.69831e-006,5.75293e-005,0.000670627,0.000386268,1.23277e-006,3.28739e-006,0
0.00293605,3.69831e-006,5.62965e-005,0.000692817,0.000412156,1.64369e-006,3.28739e-006,4.10923e-007
0.00293605,3.69831e-006,6.08167e-005,0.000705966,0.000147111,1.64369e-006,3.28739e-006,0
0.00289701,3.69831e-006,7.02679e-005,0.000692817,0.000669805,1.64369e-006,3.28739e-006,4.10923e-007
0.00281606,3.69831e-006,5.75293e-005,0.00067186,0.000156562,1.23277e-006,3.28739e-006,4.10923e-007
0.00294016,3.69831e-006,5.75293e-005,0.000741306,0.000402294,1.64369e-006,3.28739e-006,4.10923e-007
0.00292988,3.69831e-006,6.53368e-005,0.000703912,0.000674325,1.64369e-006,3.69831e-006,0
0.00287153,3.69831e-006,6.16385e-005,0.000691173,0.000642273,1.64369e-006,3.28739e-006,0
0.00293071,3.69831e-006,6.12276e-005,0.000652957,0.000703912,1.23277e-006,3.28739e-006,4.10923e-007
0.0026821,3.69831e-006,6.12276e-005,0.000671038,0.000410923,1.64369e-006,3.28739e-006,0
0.00280044,3.69831e-006,6.86242e-005,0.000690762,0.000679256,1.64369e-006,3.28739e-006,4.10923e-007
0.00271703,3.69831e-006,0.000173821,0.000909784,0.000424895,2.05462e-006,3.69831e-006,4.10923e-007
0.00289495,3.69831e-006,6.90351e-005,0.000693228,0.00068994,1.64369e-006,3.28739e-006,0
0.00278729,3.28739e-006,6.86242e-005,0.000671038,0.00118264,1.64369e-006,2.87646e-006,4.10923e-007
0.00270305,3.69831e-006,7.31444e-005,0.000691995,0.000424484,1.64369e-006,3.69831e-006,4.10923e-007
0.00269894,3.69831e-006,6.9857e-005,0.000670627,0.000648848,1.23277e-006,3.28739e-006,4.10923e-007
0.00281359,3.69831e-006,7.31444e-005,0.000703912,0.00068994,1.23277e-006,3.69831e-006,0
0.00278113,3.28739e-006,7.15007e-005,0.000651724,0.00069857,1.23277e-006,3.69831e-006,0
0.00294755,3.69831e-006,7.68427e-005,0.000691584,0.000703912,1.23277e-006,3.69831e-006,4.10923e-007
0.00289906,3.69831e-006,6.86242e-005,0.000652135,0.000152863,1.23277e-006,3.28739e-006,0
0.0028366,3.28739e-006,7.27334e-005,0.000678845,0.000441743,1.64369e-006,3.69831e-006,0
0.00283825,3.69831e-006,7.23225e-005,0.000669805,0.000692406,1.64369e-006,3.28739e-006,0
0.00301371,4.10923e-006,7.68427e-005,0.000691173,0.000176286,1.64369e-006,3.69831e-006,0
0.00288016,3.69831e-006,7.27334e-005,0.000652546,0.000721992,1.23277e-006,3.69831e-006,0
0.00278154,3.69831e-006,7.27334e-005,0.000651724,0.000712541,1.64369e-006,3.28739e-006,4.10923e-007
0.00287153,3.69831e-006,7.68427e-005,0.000691173,0.000433935,1.23277e-006,3.69831e-006,0
0.00293029,3.28739e-006,7.19116e-005,0.000668572,0.000399007,1.64369e-006,3.28739e-006,4.10923e-007
0.00294755,3.69831e-006,9.41014e-005,0.000682544,0.000156562,1.64369e-006,3.28739e-006,4.10923e-007
0.00291838,3.69831e-006,8.13628e-005,0.000692406,0.000156562,1.23277e-006,3.28739e-006,0
0.00289824,3.69831e-006,8.0541e-005,0.000693228,0.000722814,1.23277e-006,3.69831e-006,0
0.00287605,3.69831e-006,7.19116e-005,0.000652135,0.000681311,1.64369e-006,3.28739e-006,0
0.00284441,3.69831e-006,7.60208e-005,0.000652957,0.000683776,1.64369e-006,2.87646e-006,4.10923e-007
0.00292619,3.28739e-006,8.013e-005,0.000692817,0.000424484,1.64369e-006,3.28739e-006,0
